DateTime,Delta,Theta,Low Alpha,High Alpha,Low Beta,High Beta,Low GammaHigh,GammaPool,Attention,Meditation
2016/02/13/ 19:54:57.14439,1576257,131421,6291532,11141331,14024766,11862142,4063268,16515104,64,66
2016/02/13/ 19:54:58.13964,1573101,4915383,10223631,3145754,13697075,1835025,12517386,131076,66,53
2016/02/13/ 19:54:59.14407,1582061,10683111,7929910,16515251,11599956,9633839,720920,9240612,44,47
2016/02/13/ 19:55:00.11287,1574826,7798948,1769553,15794332,5242901,196644,6422559,11141141,35,56
2016/02/13/ 19:55:01.09729,1575170,14876894,14155953,1245270,13238422,14745641,9961505,3670042,26,57
2016/02/13/ 19:55:02.09734,1574274,8716641,15270166,14090281,2162846,15466573,10551349,3276811,29,67
2016/02/13/ 19:55:03.08176,1572983,5046323,16318510,1703979,2555949,3407958,458796,6946843,56,74
2016/02/13/ 19:55:04.09744,1573291,12451920,7602185,11337737,7864352,11075601,6684682,65539,61,54
2016/02/13/ 19:55:05.11311,1573313,13173032,13238422,524323,6553718,2097211,6815767,131093,64,50
2016/02/13/ 19:55:06.06629,1573071,393727,4325428,16449569,2621603,14155942,14680078,2949140,75,35
2016/02/13/ 19:55:07.07465,1574512,10551700,327719,15597586,15204466,393305,2097171,1507336,63,21
2016/02/13/ 19:55:08.05907,1572891,8519708,786452,12976143,1769505,10027015,917513,1769477,57,34
2016/02/13/ 19:55:09.07474,1573104,2752552,7733279,1376278,14614538,15794180,4128770,14090241,50,41
2016/02/13/ 19:55:10.02792,1573422,6160502,458768,9699355,8585243,8585231,9306130,9043974,40,50
2016/02/13/ 19:55:11.04359,1581808,13566238,5111920,13500489,1835348,8978530,10485871,12255252,40,57
2016/02/13/ 19:55:12.05927,1573069,16449941,16515088,7274512,11468827,9568269,983047,6881290,27,43
2016/02/13/ 19:55:13.02806,1573160,16187410,13697031,14614544,6619155,4128776,13107206,2818055,41,37
2016/02/13/ 19:55:14.02811,1577244,2425667,10354854,6160421,10289228,12648502,11141144,13893643,35,34
2016/02/13/ 19:55:15.02816,1573208,2752569,852008,10223649,2883650,6422576,7733268,1048584,41,40
2016/02/13/ 19:55:16.01258,1575327,8651057,12648472,15335564,10092631,10289233,196637,12517391,57,51
2016/02/13/ 19:55:16.99168,1573492,4129353,6946891,7340099,6357099,1703980,8978468,5242904,47,43
2016/02/13/ 19:55:18.02298,1574083,7864420,7929876,4849715,1179668,3932171,5308448,1179667,50,51
2016/02/13/ 19:55:19.00740,1574200,5308711,1376553,3080270,6488115,10747962,2687019,1310735,35,57
2016/02/13/ 19:55:20.00745,1573998,8060987,5767194,14811161,1310745,11010076,9306132,9568270,40,60
2016/02/13/ 19:55:20.99187,1576354,7931397,1704008,12714097,10813926,4980883,1245291,14221371,43,51
2016/02/13/ 19:55:21.99192,1578403,8193816,3736397,14484436,16449728,3604740,9044202,6422727,43,56
2016/02/13/ 19:55:22.99197,1576528,14287267,10682624,1573048,6684735,13959256,1245208,5439523,44,54
2016/02/13/ 19:55:23.97639,1580510,8454651,2424871,4980758,7536665,13238299,7208982,12648459,27,43
2016/02/13/ 19:55:24.97644,1576012,13304598,11206879,1376455,12976195,9371802,14483533,10158115,30,57
2016/02/13/ 19:55:25.96087,1576703,11141487,11272240,5767323,8585373,16187576,15597622,13041689,47,48
2016/02/13/ 19:55:26.97654,1573163,590117,3670091,5177406,15400971,1114129,15794191,10944520,37,41
2016/02/13/ 19:55:27.96096,1581295,917676,1376631,7405853,12386395,9764953,2818083,11730959,44,66
2016/02/13/ 19:55:28.96101,1573501,2949163,1900577,14680070,15597573,5439492,1114116,5111814,37,74
2016/02/13/ 19:55:29.92981,1573899,983584,4849735,6422569,3866673,5111845,16252945,1703943,17,69
2016/02/13/ 19:55:30.94549,1579858,12977295,15663393,13172822,7471550,9306356,4522134,14549082,34,61
2016/02/13/ 19:55:31.92991,1576060,9307970,15401062,14549178,1769658,13893888,7471145,4522001,35,38
2016/02/13/ 19:55:32.91433,1573143,1179772,11337775,16252973,3407898,2490395,5046286,6094854,43,35
2016/02/13/ 19:55:33.93001,1576813,10814050,6094949,11993157,3342444,2556002,14286874,1310736,51,37
2016/02/13/ 19:55:34.93006,1573250,6422610,7929884,10747930,11599893,9240591,8323081,3932165,48,43
2016/02/13/ 19:55:35.93011,1580766,8520598,16056649,1900632,9633912,2424903,8388647,3735579,40,53
2016/02/13/ 19:55:36.91453,1574355,65865,786435,4325390,6422561,2555931,4194318,7733265,35,30
2016/02/13/ 19:55:37.91458,1573162,15990795,7733253,9175046,524297,1376259,327683,9175042,35,40
2016/02/13/ 19:55:38.88338,1574349,3342756,14286904,7536657,1114141,8519697,8847385,1114115,23,29
2016/02/13/ 19:55:39.88343,1578247,12518212,6881338,16646268,12714219,11337890,14549065,13500478,35,21
2016/02/13/ 19:55:40.88348,1573047,10879013,3145740,4784137,4587528,7274503,7405575,3407875,40,41
2016/02/13/ 19:55:41.86790,1572899,14352610,12189872,2752587,12714026,5767212,8519723,16121879,35,44
2016/02/13/ 19:55:42.88357,1573378,3407976,6684790,4128880,8388706,2162737,2949152,9043983,50,61
2016/02/13/ 19:55:43.89925,1575899,983458,2883652,9830509,2490497,1179676,12779550,15269913,38,66
2016/02/13/ 19:55:44.85242,1576922,8454656,12648663,12320854,9240612,15007792,7995406,15859719,30,69
2016/02/13/ 19:55:45.86809,1575733,14352432,10354696,4980749,1245201,8060950,2097156,14155786,43,57
2016/02/13/ 19:55:46.85252,1575288,10158233,262185,10092659,15400991,16121917,131093,6422542,47,53
2016/02/13/ 19:55:47.88382,1574084,16515583,16056389,16580688,14942256,11010108,13238299,13565973,53,51
2016/02/13/ 19:55:48.83111,1582361,67209,4063329,9306384,13566057,13500584,11993162,10878996,56,43
2016/02/13/ 19:55:49.83732,1573516,6946986,15138888,15400990,4063274,11337761,7077902,1048582,47,48
2016/02/13/ 19:55:50.84374,1573942,2031675,4194358,7536672,7143497,917535,786458,16318474,47,47
2016/02/13/ 19:55:51.81710,1579533,7013991,15401184,5505163,14155993,5767304,10813486,7143465,43,43
2016/02/13/ 19:55:52.81914,1574031,262262,6094927,131087,10289213,7864392,15335432,5701641,57,50
2016/02/13/ 19:55:53.80357,1573283,1310933,12189738,9306138,14942262,7143462,11075596,524304,60,44
2016/02/13/ 19:55:54.78884,1576238,9503069,458945,12255289,5177395,1900648,9830448,6488086,57,44
2016/02/13/ 19:55:55.82014,1574875,6423353,13434961,9765023,10813574,655433,7077928,3997725,57,47
2016/02/13/ 19:55:56.85144,1576881,12455920,6422861,1900689,10551526,2687269,917593,1310765,41,37
2016/02/13/ 19:55:57.78899,1574286,1049162,13959694,8650842,13041755,8061034,1179706,5308461,37,47
2016/02/13/ 19:55:58.78904,1573225,6619177,5701664,16121905,14090263,917521,5505031,5963785,34,53
2016/02/13/ 19:55:59.78908,1573335,4128818,13238379,6684707,2818074,3670026,11796501,1310733,30,70
2016/02/13/ 19:56:00.77351,1573895,2752769,12189712,16,8519737,5046289,9699336,6225923,29,70
2016/02/13/ 19:56:01.74229,1575072,11731042,6291476,7012394,7143436,16056346,4915210,6094852,37,66
2016/02/13/ 19:56:02.75797,1574477,9961970,3473879,5177608,6619283,14024919,3276844,655378,38,64
2016/02/13/ 19:56:03.74239,1584226,2100363,3604570,16384265,10813903,10879263,2359490,7995506,38,64
2016/02/13/ 19:56:04.77369,1574501,1442068,8323144,4980771,13238331,10485824,15204365,5439503,38,64
2016/02/13/ 19:56:05.75812,1576599,8978541,13631692,9699482,12714189,6226043,1835042,13565961,54,57
2016/02/13/ 19:56:06.74254,1582023,12715378,1377189,15008330,10224257,6488487,15008025,4718776,64,74
2016/02/13/ 19:56:07.74259,1578861,10879513,9502783,8913174,4718729,2883876,15073334,9830445,64,74
2016/02/13/ 19:56:08.75826,1576714,16253299,13107401,6291526,13304426,3146208,13500614,9765001,64,74
2016/02/13/ 19:56:09.71144,1576537,14946493,8981741,9765482,5308741,13041882,11272446,8257826,64,74
2016/02/13/ 19:56:10.71149,1579442,8716993,6291722,4325507,7930098,655825,2228473,6160674,64,74
2016/02/13/ 19:56:11.72716,1580634,12325329,4460664,16580874,13240620,14748626,12124346,5308643,64,74
2016/02/13/ 19:56:12.71158,1585513,6226208,4850793,13500870,9437475,9240818,5636253,15138854,64,74
2016/02/13/ 19:56:13.72726,1573481,15335655,13369465,14614696,79,3342443,7340066,5505057,64,74
2016/02/13/ 19:56:14.69606,1577519,12452054,15335471,3080285,655389,3145839,10682388,3211272,69,70
2016/02/13/ 19:56:15.69610,1574023,1048630,15794211,4456464,262155,6094854,12845059,1703939,60,69
2016/02/13/ 19:56:16.69616,1579664,13173291,10813734,3473662,8061256,11075724,4915307,3997723,51,64
2016/02/13/ 19:56:17.66495,1575979,1770777,8978788,8585549,196819,4915310,16187470,13434909,41,61
2016/02/13/ 19:56:18.66500,1575826,3473979,1114336,7995461,5505125,9633847,8716326,7143438,26,63
2016/02/13/ 19:56:19.68068,1576564,2229078,14745795,4522063,13565997,15990936,9109520,12189707,35,54
2016/02/13/ 19:56:20.66510,1573728,5570990,6094911,12320803,2162747,4980772,8847374,65540,27,44
2016/02/13/ 19:56:21.64952,1576846,2621652,589997,6291491,5832771,4784245,7274542,16449555,44,48
2016/02/13/ 19:56:22.69645,1572954,5701670,10682488,13828104,15728657,10420235,4653065,3145731,44,61
2016/02/13/ 19:56:23.63285,1573531,8388667,12058699,6422536,9175054,3145741,4980750,15925254,41,75
2016/02/13/ 19:56:24.63211,1573641,8323285,6160484,12648465,14483471,14549006,8126477,3932164,37,83
2016/02/13/ 19:56:25.64779,1579203,6357195,4128953,9175318,8323168,4128786,12910625,8978442,14,91
2016/02/13/ 19:56:26.64784,1573443,2228292,6815756,11010060,13631495,9895945,10354699,11534341,17,75
2016/02/13/ 19:56:27.61664,1573597,1114634,14942211,14483559,9175214,12452009,11337737,12582916,29,56
2016/02/13/ 19:56:28.60106,1572937,9961543,3211294,11731000,655373,6619159,7077896,6488067,41,61
2016/02/13/ 19:56:29.60111,1573185,9896138,7471143,9830441,12648508,11206683,1507351,8519683,53,44
2016/02/13/ 19:56:30.61678,1574086,9503414,12386398,1310846,5374123,10420479,9764892,2949172,63,41
2016/02/13/ 19:56:31.58555,1579322,11993160,16121879,9109586,13434903,5046305,13828099,14614535,60,57
2016/02/13/ 19:56:32.58560,1576993,9961637,2490496,393294,9306151,6357013,1835019,3145735,50,57
2016/02/13/ 19:56:33.58565,1575751,14286949,16711852,852063,9175068,983080,1638438,8060941,51,75
2016/02/13/ 19:56:34.60132,1580602,16056397,13762566,15663129,15925273,4259867,10813457,11599878,51,77
2016/02/13/ 19:56:35.58575,1573584,16646549,720921,9175139,15007784,5898281,720913,15204370,41,66
2016/02/13/ 19:56:36.57017,1573465,1179866,5636115,8323105,3735610,15794193,4587535,5832718,41,53
2016/02/13/ 19:56:37.57853,1575578,4390955,11862026,13172769,8323091,2752544,14811192,5832708,54,43
2016/02/13/ 19:56:38.56483,1573851,10093817,6881320,7471143,6619307,1245327,2097262,7077919,47,27
2016/02/13/ 19:56:39.54925,1575493,4915386,15728732,4718641,5046422,14680194,3145783,6422543,64,29
2016/02/13/ 19:56:40.53368,1575196,6816043,10486043,3145872,6291531,983071,13303835,9306117,61,44
2016/02/13/ 19:56:41.54935,1574142,14156162,15925320,12058671,8388646,15138874,12845075,1507338,48,40
2016/02/13/ 19:56:42.54940,1575206,16122006,13369456,4849707,12779581,6488145,16252962,9961496,56,60
2016/02/13/ 19:56:43.54945,1578051,721478,3735599,14221394,3211361,524351,9764934,4325396,41,56
2016/02/13/ 19:56:44.53387,1573035,14483507,5373958,16449542,4587526,7405574,196612,7733250,48,41
2016/02/13/ 19:56:45.53392,1573590,15335681,11665470,3670052,16515108,8978444,1376261,1179653,37,43
2016/02/13/ 19:56:46.54959,1576509,5636572,3867097,10813474,7864451,5046381,6029360,14352394,26,47
2016/02/13/ 19:56:47.51839,1577657,12779973,10223639,983221,5243047,917647,16121959,12451887,35,50
2016/02/13/ 19:56:48.53407,1575137,10289231,5963895,10944723,3866643,5505073,13107210,6946820,38,70
2016/02/13/ 19:56:49.50287,1573989,7078031,15925289,15532067,13828158,8323114,5570573,7012354,56,69
2016/02/13/ 19:56:50.53417,1579616,2228331,11862050,4456532,11862107,4980767,7012415,15335440,60,66
2016/02/13/ 19:56:51.54984,1581471,11143304,5046328,917964,16449913,13434964,5570623,4456518,40,64
2016/02/13/ 19:56:52.47176,1577536,2818495,9175493,6291498,11927729,14221406,9175086,8323087,37,54
2016/02/13/ 19:56:53.50306,1579448,2032081,7799076,14877186,328169,11272329,9699405,1769487,30,61
2016/02/13/ 19:56:54.45624,1578692,8650968,14483466,9502837,7012649,8388704,12124186,6553685,40,54
2016/02/13/ 19:56:55.47517,1578860,12583683,2883608,16056458,14549076,12583013,7602211,5111834,51,53
2016/02/13/ 19:56:56.47196,1577980,15401910,3342441,129,11665518,13631582,15138850,1572881,48,41
2016/02/13/ 19:56:57.44076,1573172,12386500,8388678,8650793,16646175,6029330,14352390,6946821,43,38
2016/02/13/ 19:56:58.45644,1575118,15990927,6553671,5308447,9175069,16580624,4128785,4587530,43,38
2016/02/13/ 19:56:59.47211,1576408,5112116,9109589,786474,11599944,15663174,5701653,9961476,37,40
2016/02/13/ 19:57:00.44091,1584855,8914226,8519817,3997772,12321238,9306566,1310857,12845109,48,35
2016/02/13/ 19:57:01.45658,1581597,12453015,10158189,12124485,6553951,327856,1769550,2555949,51,37
2016/02/13/ 19:57:02.42864,1573952,15532228,4063337,3277048,11993313,8519846,10813514,9961518,66,40
2016/02/13/ 19:57:03.39743,1579491,4130087,984587,6488934,5767902,6881705,1310907,12320844,66,40
2016/02/13/ 19:57:04.42873,1576656,13503235,393296,12190028,2490568,852267,6619245,720950,61,30
2016/02/13/ 19:57:05.39753,1578081,6882403,3080600,9306217,11665493,15466637,7602273,11927561,50,44
2016/02/13/ 19:57:06.44446,1580616,8782241,11010134,12189805,1179863,14483587,15532088,13369386,56,47
2016/02/13/ 19:57:07.41326,1573096,10551362,11272230,7667733,6946841,7405576,3735559,16580611,41,47
2016/02/13/ 19:57:08.41331,1575037,14680377,13434886,8519858,15269956,4587572,6488099,11730957,43,56
2016/02/13/ 19:57:09.38207,1574418,9175138,6750230,7733315,9109541,10027025,13631493,15990792,43,60
2016/02/13/ 19:57:10.42900,1573431,12189937,5636232,6881353,15597591,7602271,5242908,9633813,41,66
2016/02/13/ 19:57:11.38217,1574204,15925292,8388622,15269909,6029322,16121862,9502723,13434880,41,66
2016/02/13/ 19:57:12.39784,1573793,5570592,5832720,12058716,4653093,5767197,13500436,4390950,53,70
2016/02/13/ 19:57:13.36664,1574545,6947501,14287108,10158861,15663438,14615124,11665539,13369426,53,70
2016/02/13/ 19:57:14.35106,1577157,9307109,14549037,3997912,16712178,2359539,9699450,16384058,60,63
2016/02/13/ 19:57:15.35111,1583401,3476259,14483644,13435226,12451998,10682857,7143570,1048700,64,51
2016/02/13/ 19:57:16.35116,1573183,3604591,196628,14417957,1769491,3407893,196619,3866628,61,48
2016/02/13/ 19:57:17.35121,1579003,15073582,7667909,1507392,6422632,7471190,13762659,5636121,57,43
2016/02/13/ 19:57:18.36689,1575266,10486263,14811351,15728682,13500497,14876807,14090324,7733264,56,50
2016/02/13/ 19:57:19.35131,1574458,2949437,1376395,7929898,3407912,15925284,14417961,2228234,50,60
2016/02/13/ 19:57:20.30448,1573454,11993184,1769486,11337734,11075587,3473425,6356998,16121859,51,53
2016/02/13/ 19:57:21.32016,1573429,3146078,9961512,13828127,4522100,12779536,14680101,6488070,38,41
2016/02/13/ 19:57:22.30458,1575240,3604693,13566018,2228260,11206720,2490385,2818058,3211272,26,40
2016/02/13/ 19:57:23.30463,1578265,1121349,8454830,5178978,4327417,8521612,12845512,15335518,37,34
2016/02/13/ 19:57:24.32031,1577261,1442548,13107385,6815798,5767372,7733309,1179711,5308424,27,35
2016/02/13/ 19:57:25.30228,1575337,3932507,11665575,2752560,327764,6226114,1245210,262171,50,43
2016/02/13/ 19:57:26.31795,1576482,9048248,11797263,262736,13041999,13370187,1638957,10616921,60,40
2016/02/13/ 19:57:27.30238,1580024,8193976,8061708,1180288,3212166,4063966,16581005,3276879,60,44
2016/02/13/ 19:57:28.30242,1576348,14746601,2490452,10354966,11993232,14352588,2097194,2031667,67,47
2016/02/13/ 19:57:29.27144,1573118,15007846,13238309,5374036,1966116,786455,16252963,7405572,54,54
2016/02/13/ 19:57:30.28869,1576540,7669771,14352595,13697280,7143690,13566056,11272309,3539137,54,54
2016/02/13/ 19:57:31.26119,1580527,6684889,196642,7733287,2293770,65556,14483462,14548995,47,56
2016/02/13/ 19:57:32.25575,1574020,15401519,12451899,1638429,2687004,7405600,13303832,9175048,34,47
2016/02/13/ 19:57:33.25468,1574859,1639670,10682433,2621494,1114325,11796580,10682402,2359343,26,35
2016/02/13/ 19:57:34.24855,1575750,1573103,4391169,16711881,1704054,9502874,7405692,2555945,35,37
2016/02/13/ 19:57:35.21734,1573313,14811296,11141131,14483490,2490391,2228265,8126474,5963781,47,30
2016/02/13/ 19:57:36.24865,1573308,8389063,5243008,14286947,11927566,7077954,13434896,8978448,53,41
2016/02/13/ 19:57:37.24869,1573269,14221385,3866649,8716303,16318482,16384023,9437189,7274508,61,54
2016/02/13/ 19:57:38.21749,1582055,4984180,15860352,10682718,9306432,2424946,4194371,9109553,40,44
2016/02/13/ 19:57:39.21754,1573278,8650847,5570578,3145762,3801106,3407891,13041688,8847374,35,50
2016/02/13/ 19:57:40.21759,1572973,589860,16056322,13041678,3604481,7929863,15925250,8847369,40,50
2016/02/13/ 19:57:41.23327,1573136,5374233,3080339,4587608,2752564,3276936,7864359,3866651,41,53
2016/02/13/ 19:57:42.21769,1572937,10354762,3932171,9502779,12320779,2228249,5242892,12320775,60,61
2016/02/13/ 19:57:43.20211,1573509,80,8716386,4784149,4718617,14352402,524301,3211279,56,69
2016/02/13/ 19:57:44.20216,1575426,1573330,655451,8519774,5242928,5832800,4915220,1245208,56,67
2016/02/13/ 19:57:45.17096,1573885,10879700,13762936,12255295,9961906,10813519,6094952,4259882,43,64
2016/02/13/ 19:57:46.20226,1575693,721029,3014754,7471154,6488079,3014679,7340036,14680068,37,67
2016/02/13/ 19:57:47.15543,1575832,13631910,6422657,2293920,6225978,2818091,7077970,10682393,30,63
2016/02/13/ 19:57:48.17111,1575369,4915417,14876762,7864336,7340061,11010068,6422537,9043973,23,64
2016/02/13/ 19:57:49.15553,1574199,4718885,6357029,4259853,4390918,2293785,1179666,1114122,24,56
2016/02/13/ 19:57:50.17121,1574074,13303879,13893644,1966124,44,11010064,6553610,6225926,29,50
2016/02/13/ 19:57:51.15563,1573822,16384495,3604514,15663272,2162846,12714120,8126564,8192075,43,43
2016/02/13/ 19:57:52.15568,1573367,4259995,5505064,9043990,16384044,7471128,4259869,15794185,48,40
2016/02/13/ 19:57:53.14010,1573204,7537460,1310739,7012359,10616899,13238321,2031636,3080200,47,26
2016/02/13/ 19:57:54.12452,1573795,4784379,17,9043990,5963782,10551313,5767186,983048,37,16
2016/02/13/ 19:57:55.14478,1576718,3080791,5636190,721054,4259997,7929976,3735597,15532075,34,20
2016/02/13/ 19:57:56.12920,1573065,1704506,721000,11599921,11272255,15335484,7471146,11927582,30,17
2016/02/13/ 19:57:57.17613,1574434,13828977,1966297,15401335,11337960,852098,13828132,4128805,37,44
2016/02/13/ 19:57:58.11368,1573088,15728848,14090284,4259941,14221398,7471170,5308444,14942232,48,54
2016/02/13/ 19:57:59.12935,1573491,16253289,7798826,13172764,11010101,5832728,6946837,8978439,38,48
2016/02/13/ 19:58:00.11383,1573155,13500585,6684726,2031630,11534389,7929875,5898265,4653071,38,50
2016/02/13/ 19:58:01.10850,1573018,15204411,15532058,6291480,7602190,16252984,16515082,4784134,54,47
2016/02/13/ 19:58:02.11316,1575011,9634627,12320948,8978569,11599955,2228335,262240,6094863,48,43
2016/02/13/ 19:58:03.11064,1573538,14680111,3473422,5701644,6291458,13828103,11730946,12320769,53,53
2016/02/13/ 19:58:04.06241,1573227,13107378,14614556,12255356,7929926,2555953,10223668,786467,60,57
2016/02/13/ 19:58:05.09371,1573601,1442297,15269947,8912962,2162946,458848,3539002,8126506,48,50
2016/02/13/ 19:58:06.07813,1573935,11665739,3932215,5046294,2621474,6488088,5898270,3473418,44,47
2016/02/13/ 19:58:07.09380,1573413,16712343,12976268,2097288,14155827,7733332,7077941,327697,43,44
2016/02/13/ 19:58:08.09385,1573027,13435838,8847480,9502825,12976291,1048710,6225958,13565995,40,37
2016/02/13/ 19:58:09.09390,1575075,2097252,7405595,8978629,8323489,3735658,10354764,11796506,47,44
2016/02/13/ 19:58:10.07833,1573428,16056577,6029321,4587568,13238304,10551320,11599893,10289158,48,44
2016/02/13/ 19:58:11.09400,1573561,8847487,12517398,5898261,15663150,14483477,12320777,3014660,53,40
2016/02/13/ 19:58:12.07843,1578761,7864477,15728762,10682470,10748112,11534387,9240604,3735580,54,50
2016/02/13/ 19:58:13.04722,1574105,3932552,1310734,16384060,327924,8585313,2752591,9306151,50,38
2016/02/13/ 19:58:14.01602,1579787,8651789,8126609,13500745,12976272,3342560,12124193,2555930,50,38
2016/02/13/ 19:58:15.03169,1575583,10289326,9043989,14811154,2359332,15401022,8716302,7798792,63,37
2016/02/13/ 19:58:16.01612,1583199,8980443,5047107,16056816,5570881,10289330,6226105,9895981,54,43
2016/02/13/ 19:58:17.03179,1577006,7209236,5177405,6225957,5177391,13172773,6619152,9699332,51,38
2016/02/13/ 19:58:18.01622,1577792,10948271,14811611,16450112,655479,3866980,14417982,16515124,41,44
2016/02/13/ 19:58:19.00064,1573945,15532127,1572897,1703968,16056340,131084,7667718,10485765,27,56
2016/02/13/ 19:58:20.00069,1574983,5443349,16384572,8126603,6160669,10354891,12583011,13828158,26,47
2016/02/13/ 19:58:20.98511,1574616,5243691,15007858,10158105,6815828,5177423,1048608,16711689,23,40
2016/02/13/ 19:58:22.00079,1574328,8323735,16187497,3735848,16515167,14680238,15007813,1114143,29,44
2016/02/13/ 19:58:22.98521,1578783,14680478,5636151,3866705,786784,6881358,8847375,8912905,37,35
2016/02/13/ 19:58:23.96963,1579545,3735679,5308492,15663138,9437217,13959199,13631519,720908,48,44
2016/02/13/ 19:58:24.98531,1576175,5571904,15466655,327756,13304117,12255348,13107308,5898337,47,44
2016/02/13/ 19:58:25.97147,1575837,1705562,8323165,3866949,196759,13893847,10813543,12648486,43,38
2016/02/13/ 19:58:26.97151,1573428,14287037,3145785,16384058,14942224,5898301,13631522,2621454,48,47
2016/02/13/ 19:58:27.97158,1581853,1706310,3735717,1900717,8716559,7929958,9175131,11403285,35,34
2016/02/13/ 19:58:28.95599,1578293,13500598,14877033,10813659,16121966,2883644,15925307,2949197,37,56
2016/02/13/ 19:58:29.94041,1573648,5112016,9175070,8585315,786585,7667749,12189715,3801099,37,61
2016/02/13/ 19:58:30.92483,1576822,15798019,8257643,11665717,5898478,7405809,8650881,13238341,23,48
2016/02/13/ 19:58:31.94051,1574020,11862386,6226165,12320957,6095087,15466593,3997717,10944539,37,61
2016/02/13/ 19:58:32.90931,1573704,2490512,2097237,852014,12124226,12058653,4128777,15597573,38,51
2016/02/13/ 19:58:33.92499,1587479,10683770,12058806,983195,4522108,9306178,9044040,6029326,27,47
2016/02/13/ 19:58:34.90941,1573160,6357025,11599878,14942224,4390922,1572868,12255236,786435,30,60
2016/02/13/ 19:58:35.90946,1575915,9700377,6684963,10158207,6094898,10944610,8781967,9044032,24,56
2016/02/13/ 19:58:36.92303,1578409,14090696,9896278,11731238,5767353,7667826,8388747,12910649,26,60
2016/02/13/ 19:58:37.90746,1575309,3211468,7667861,11862048,11272233,12517408,1900555,5505038,35,69
2016/02/13/ 19:58:38.89188,1576080,14352823,983122,2752749,2097290,12451961,4718674,7602210,43,69
2016/02/13/ 19:58:39.86068,1573140,11403323,6619151,9633802,3670025,5570569,1507330,3407873,50,69
2016/02/13/ 19:58:40.86073,1574162,10420334,786455,12451882,983102,8847386,1572887,1572875,53,61
2016/02/13/ 19:58:41.86078,1573291,12189729,6881283,10878980,1900558,15859721,14614530,10813441,63,48
2016/02/13/ 19:58:42.86082,1579075,12124565,13107247,1573139,8257599,13434922,10158168,6225940,51,50
2016/02/13/ 19:58:43.84525,1573071,6815787,11468808,262149,131084,15073285,16252932,524289,50,47
2016/02/13/ 19:58:44.86577,1576080,7865322,11993172,2752707,14745776,5701726,15663178,4653096,41,41
2016/02/13/ 19:58:45.83882,1579533,16580752,15990939,12255255,13041705,15204371,5570574,3997710,26,60
2016/02/13/ 19:58:46.84008,1575501,4850257,13434923,10027126,1703987,6815895,2883636,2031628,40,50
2016/02/13/ 19:58:47.83567,1573821,4981006,5177369,1638421,12189703,9961500,2031629,2752516,40,47
2016/02/13/ 19:58:48.84810,1573332,786588,3538968,10289193,2687018,14942241,2097172,10158087,50,50
2016/02/13/ 19:58:49.83252,1580813,197073,12189832,5505127,13828265,8781916,9633827,12648499,57,41
2016/02/13/ 19:58:50.84819,1573171,3604559,9895951,3670051,1572924,15663120,6488080,11075593,51,44
2016/02/13/ 19:58:51.81699,1575221,3539645,589904,10551472,4653170,9961599,3145817,6488113,56,51
2016/02/13/ 19:58:52.81704,1575478,15532177,4915251,15728680,13762579,13565990,2228232,14614541,56,54
2016/02/13/ 19:58:53.81709,1573234,7274524,10682370,6029327,15466506,15335430,11730949,9371650,57,56
2016/02/13/ 19:58:54.78588,1573607,7995463,7012384,851983,11337758,10813464,1638414,15466507,63,56
2016/02/13/ 19:58:55.79785,1573069,3211285,2818057,7340041,7798790,7995401,3866626,3014657,67,61
2016/02/13/ 19:58:56.81353,1573091,11993113,8126509,15466509,16187403,14155822,15466516,13828101,81,64
2016/02/13/ 19:58:57.79795,1575643,6226099,2162705,4915216,10551341,14417952,12058636,524298,83,54
2016/02/13/ 19:58:58.78238,1573408,14352429,2359312,4456543,7667739,12189734,2818060,8060935,84,63
2016/02/13/ 19:58:59.79805,1573699,13566045,16056333,1900604,14155826,1507380,5832714,12320774,90,61
2016/02/13/ 19:59:00.75122,1582329,16647697,3211377,5111866,655556,3146012,3604538,5832803,77,41
2016/02/13/ 19:59:01.75127,1576475,14288057,14418004,12845138,2031933,12648553,12320828,13828178,67,40
2016/02/13/ 19:59:02.76800,1583224,1770032,3014818,7274683,15990897,6815941,1441834,2293786,66,30
2016/02/13/ 19:59:03.79040,1573184,10027163,13828115,12058642,10223657,13697061,7208971,5439493,60,24
2016/02/13/ 19:59:04.72794,1573928,8126523,15859798,3145734,4522007,8912930,5767185,327688,64,44
2016/02/13/ 19:59:05.72799,1575785,14157571,5243340,16711709,1638499,9830498,2490470,8912919,57,53
2016/02/13/ 19:59:06.78503,1573792,8650978,7143441,14483461,8192009,7733259,1638406,4194306,41,40
2016/02/13/ 19:59:07.74182,1579824,262740,787266,14745721,7667950,327851,11337869,12058718,35,54
2016/02/13/ 19:59:08.74187,1572964,1703988,13434917,12320786,2359301,3080199,13959174,16711682,21,54
2016/02/13/ 19:59:09.71066,1576065,6226457,6750459,10551436,4325503,2490477,3932247,11403329,34,61
2016/02/13/ 19:59:10.73357,1577030,5046329,14483530,5898301,15794222,7143461,11862034,16384006,48,83
2016/02/13/ 19:59:11.71800,1575275,15728784,10813513,11665441,1114147,11141137,5308433,16646156,43,78
2016/02/13/ 19:59:12.73367,1573193,11927565,327700,4980736,5767176,16384012,11993099,7471107,61,75
2016/02/13/ 19:59:13.67122,1573057,16318546,14417949,11272205,7340040,12779559,3670047,7667727,70,69
2016/02/13/ 19:59:14.68689,1579995,524377,15008109,2097344,15728815,9764968,12648522,16187422,69,75
2016/02/13/ 19:59:15.70257,1577563,12583831,10944679,14483627,3932289,4391251,2424925,11468857,84,67
2016/02/13/ 19:59:16.70262,1573182,2818121,2097174,3735580,10813503,458834,8323092,8912904,91,60
2016/02/13/ 19:59:17.67141,1578917,1770349,786577,917654,5898297,3473554,11075646,12648508,81,57
2016/02/13/ 19:59:18.67146,1576073,12124297,6946826,10289166,12189731,13959222,5701671,3997706,90,35
2016/02/13/ 19:59:19.65589,1573811,13500626,16252981,6750259,10354707,1966132,14417948,4390928,84,38
2016/02/13/ 19:59:20.64031,1574903,13893881,4849739,11731107,12583059,1900649,1638461,6881317,70,44
2016/02/13/ 19:59:21.64036,1578076,983930,12518246,1638853,11665695,917637,2228348,4259920,64,56
2016/02/13/ 19:59:22.65603,1573535,11403433,2359525,13238368,11599955,14876750,12451922,10420286,56,77
2016/02/13/ 19:59:23.64046,1574382,8651266,1966139,8519697,10616958,3342388,8978449,9306125,48,64
2016/02/13/ 19:59:24.64051,1573525,4981014,8192001,2162703,9175061,7143443,3276821,11141123,35,47
2016/02/13/ 19:59:25.63960,1573898,3342408,11337780,6029435,6881318,7274516,6094867,14745608,38,48
2016/02/13/ 19:59:26.63965,1578031,11927751,10551333,655425,5832718,5111819,12910595,15794179,38,48
2016/02/13/ 19:59:27.62407,1573505,8126527,13434959,196803,14942328,5701702,6684707,11534357,41,48
2016/02/13/ 19:59:28.63975,1576547,1048828,5898345,12058663,13041698,5701672,5570584,13238279,43,61
2016/02/13/ 19:59:29.62417,1581277,5636272,524383,3801323,10944591,15401061,11731038,7995400,54,87
2016/02/13/ 19:59:30.59297,1575122,4456896,10944579,5439549,5701653,2818071,4456457,6029318,54,87
2016/02/13/ 19:59:31.59302,1574028,5505026,15466497,9895938,8257536,13107200,8847360,3407872,54,87
2016/02/13/ 19:59:32.60871,1576375,15597829,1835081,15663150,7012404,16121863,9961481,2359301,41,77
2016/02/13/ 19:59:33.57751,1580620,15336186,8585261,2752726,16515168,9240962,16711719,12517408,48,63
2016/02/13/ 19:59:34.57756,1577099,5636210,15204484,3342382,11993205,10813532,7798907,7602239,60,63
2016/02/13/ 19:59:35.59323,1575260,1966450,7274578,12124670,7340423,5570730,6357088,4063254,57,60
2016/02/13/ 19:59:36.56203,1575034,13828450,1310816,15204495,14614576,8257595,1900583,10747933,75,63
2016/02/13/ 19:59:37.59333,1581001,4718904,3539027,10944667,12714243,1507440,3801140,15663137,67,66
2016/02/13/ 19:59:38.54650,1573697,5767333,15466515,10616856,720910,6881314,5177357,6291464,61,57
2016/02/13/ 19:59:39.57780,1573178,458920,8323124,9306126,5767205,5832726,9306134,10616837,54,51
2016/02/13/ 19:59:40.54660,1576813,3670067,3997709,6750259,589842,14614544,4718619,262161,60,54
2016/02/13/ 19:59:41.53102,1578834,15533395,2949250,8913088,4456685,7340143,14811408,12517414,47,50
2016/02/13/ 19:59:42.53107,1573790,8847680,16580691,4522008,13369377,983083,2686992,589839,41,53
2016/02/13/ 19:59:43.53112,1576153,14352676,15269903,2490392,1114129,2752549,16515112,7929869,43,44
2016/02/13/ 19:59:44.54086,1573115,16253005,7667718,14090246,14352392,11862021,3735561,13500420,34,29
2016/02/13/ 19:59:45.52528,1573271,3407935,15204361,5570565,15925262,11927561,1769481,983044,40,29
2016/02/13/ 19:59:46.52533,1583435,10356373,11928019,12255392,11600104,12583117,6553909,15532132,38,29
2016/02/13/ 19:59:47.52538,1577005,4064449,13566164,9175075,7012408,655518,8716418,3473468,37,34
2016/02/13/ 19:59:48.55668,1574507,5570720,4849690,3276939,5767220,1376290,16580626,10354716,43,47
2016/02/13/ 19:59:49.52548,1575204,10944904,11075786,1900698,6946948,1376419,786536,2490405,50,54
2016/02/13/ 19:59:50.50990,1573067,12452412,1835137,15990906,9437338,10944591,8585241,9568307,51,56
2016/02/13/ 19:59:51.50260,1573901,8455627,3932362,8519953,8061294,13500739,11075817,13041789,56,57
2016/02/13/ 19:59:52.53769,1574862,9896057,6488140,8519694,4587540,14090284,10420245,2490375,64,56
2016/02/13/ 19:59:53.47524,1577537,328821,7798819,6291603,6946928,10485902,4128862,7077954,56,43
2016/02/13/ 19:59:54.50654,1573304,79,2752526,5505025,13631491,4194313,5505029,8847364,56,40
2016/02/13/ 19:59:55.44408,1575733,7929909,7864347,9175114,11141183,13107219,7733257,3145741,53,50
2016/02/13/ 19:59:56.48117,1574797,13304691,1114213,13959413,5373991,2883649,5111904,2162746,40,47
2016/02/13/ 19:59:57.48122,1574018,13697283,15597673,7733429,16384072,9240671,10158126,16646173,44,60
2016/02/13/ 19:59:58.46565,1572965,3539073,5963791,4259842,16187395,13303826,14483460,4718593,47,56
2016/02/13/ 19:59:59.45007,1573677,14155888,9896020,655384,8716306,10158096,15138837,786436,41,56
2016/02/13/ 20:00:00.43449,1576315,10420486,14155995,14090302,15466627,10289227,14811257,12779559,51,61
2016/02/13/ 20:00:01.45018,1573783,6094965,10878995,2359309,8192050,15532090,3473426,5439502,60,48
2016/02/13/ 20:00:02.41897,1575516,16121937,12189746,5505084,8650779,14483489,12058651,12058638,64,64
2016/02/13/ 20:00:03.45028,1573229,16580625,13697035,3801103,5898247,6291465,3604489,196610,75,64
2016/02/13/ 20:00:04.41908,1574032,15073783,12976269,3014692,12189725,3342386,10027119,11141169,67,60
2016/02/13/ 20:00:05.40350,1575866,13632725,10682474,11468863,16056401,2293907,13435017,14483515,53,56
2016/02/13/ 20:00:06.40355,1577893,3015089,3014767,16711820,14221435,12517420,2359357,2490397,43,51
2016/02/13/ 20:00:07.38798,1573351,7143614,12517381,16449552,6750227,14614546,3866636,917509,35,34
2016/02/13/ 20:00:08.38803,1575234,16646527,5242905,11075607,1114396,9699481,10485803,3604522,51,17
2016/02/13/ 20:00:09.38807,1575637,2162875,15269912,15204410,11862119,3997798,4849688,3670031,64,24
2016/02/13/ 20:00:10.40375,1577397,8917099,12517822,13632957,11076578,10552528,721421,852172,77,21
2016/02/13/ 20:00:11.37255,1575253,8128174,2818152,15466680,5898453,7864520,10158146,3080229,78,24
2016/02/13/ 20:00:12.37260,1574475,13238787,16450040,14090567,9175150,10879104,14942252,12582967,64,51
2016/02/13/ 20:00:13.37265,1575894,7604032,7143451,5308641,4653105,6422696,3670062,196622,47,44
2016/02/13/ 20:00:14.34144,1582491,7864601,16318636,9240612,6881479,15990838,13434967,15597602,40,48
2016/02/13/ 20:00:15.35712,1574022,11468841,4390941,15794185,3932164,10223618,10223620,262146,26,63
2016/02/13/ 20:00:16.34154,1573300,4980905,14549002,4653101,13041686,11010069,5308428,5963783,24,50
2016/02/13/ 20:00:17.32922,1573210,11468877,3997711,9764868,9109520,11993097,14352391,11141127,27,54
2016/02/13/ 20:00:18.34490,1579703,1442213,4128875,10420383,393280,13697110,14942349,13172774,29,57
2016/02/13/ 20:00:19.34976,1578103,13828440,3342611,16646242,4325454,66,9240601,13303820,43,56
2016/02/13/ 20:00:20.35173,1577648,3932632,8847539,13172890,7667812,13697104,8585287,6160408,44,63
2016/02/13/ 20:00:21.32070,1575051,1442693,4128986,6816087,8847510,5505266,16121939,8192029,51,67
2016/02/13/ 20:00:22.30783,1573215,15073780,16318497,9240658,2359343,12517401,12910602,14614536,38,61
2016/02/13/ 20:00:23.34119,1578529,10946080,5440052,4063598,14942777,12320885,8192155,12714062,30,56
2016/02/13/ 20:00:24.30886,1576616,3604872,5111923,2424857,3342468,6094953,7405610,9961533,38,50
2016/02/13/ 20:00:25.29328,1575829,1705113,1967431,4784857,4129279,3080660,6226087,12320991,37,56
2016/02/13/ 20:00:26.29018,1573798,15139225,11468823,15859731,7798846,5832750,14155792,4259853,44,48
2016/02/13/ 20:00:27.29980,1573535,9306217,16646172,9109538,11075634,3670062,9240597,3801112,64,44
2016/02/13/ 20:00:28.26564,1579572,2426320,9634285,12845360,10420371,10289709,10027186,11599956,66,48
2016/02/13/ 20:00:29.30981,1573265,4325397,16580615,9043971,2424839,1900547,9109506,15204352,63,38
2016/02/13/ 20:00:30.27754,1578944,12321599,983104,8519877,12779607,13107576,1638514,11731072,77,48
2016/02/13/ 20:00:31.27505,1579659,8913198,3342359,3866644,4980837,16318506,10813459,9830417,67,37
2016/02/13/ 20:00:32.25864,1574216,9568626,11862054,13500473,7667735,10223664,15663123,6750219,57,34
2016/02/13/ 20:00:33.24365,1573009,9896047,3342347,5046277,6488077,5373963,2424836,13565955,56,24
2016/02/13/ 20:00:34.24404,1573115,3866947,9437261,458767,11337758,16318508,3801122,12386319,44,26
2016/02/13/ 20:00:35.23792,1574779,14026612,2949207,65603,10420317,4849813,15597653,4784187,38,23
2016/02/13/ 20:00:36.23028,1577440,15728890,6160455,10092570,262162,11993110,12517408,1048585,34,26
2016/02/13/ 20:00:37.23171,1573473,3473806,6488136,14024762,15335485,15990813,8454167,16646173,27,34
2016/02/13/ 20:00:38.22041,1575644,7077941,15204420,9109541,851999,327697,6488076,10158086,27,47
2016/02/13/ 20:00:39.23989,1576997,9502871,1179676,3997721,7667752,11206723,13762576,983069,47,56
2016/02/13/ 20:00:40.24171,1574984,16384283,14745642,13303817,12386485,7471185,13959210,13041681,61,44
2016/02/13/ 20:00:41.20063,1575373,6357142,11796487,8192040,393239,16449546,4653065,2752526,61,44
2016/02/13/ 20:00:42.20535,1575434,2033674,8650894,11206708,65777,3866726,12189759,12714036,50,21
2016/02/13/ 20:00:43.19932,1576678,2032721,196725,458857,14221416,16711756,10158118,5439554,29,20
2016/02/13/ 20:00:44.16812,1577123,4129136,13172850,5701707,10354761,7340168,12714089,11731011,29,29
2016/02/13/ 20:00:45.16817,1585100,15729818,3014799,5832919,13304085,16712031,9502870,2687093,44,27
2016/02/13/ 20:00:46.18385,1576952,1376425,4063295,1638428,9371698,12451922,13631507,11141141,66,40
2016/02/13/ 20:00:47.18390,1581256,13043109,12714918,11075975,327747,14221789,1966304,524342,78,51
2016/02/13/ 20:00:48.15269,1574227,852374,6553622,8716331,15859738,10551324,14024720,14680071,63,44
2016/02/13/ 20:00:49.18399,1573443,13238435,720934,16252963,6225932,11534371,2228235,13893644,60,51
2016/02/13/ 20:00:50.15279,1575949,11733107,4456704,14090559,12452069,9634077,9633887,4128823,48,48
2016/02/13/ 20:00:51.14563,1574485,983364,393334,1638480,3407999,7405648,16711697,13959179,47,43
2016/02/13/ 20:00:52.13005,1581698,14680334,15008103,13697432,14746189,10420468,6684895,11862089,60,56
2016/02/13/ 20:00:53.11448,1579659,1053246,16646349,12124628,10879612,10027394,15270087,16318626,53,47
2016/02/13/ 20:00:54.16140,1578045,4260401,786507,8061063,12386379,12451890,6422553,6029329,48,50
2016/02/13/ 20:00:55.17708,1575647,328690,9830632,13959424,4587712,10748219,4522069,2490395,51,50
2016/02/13/ 20:00:56.11462,1573208,11862294,15925268,15138843,10616867,15925280,3407878,6488071,43,37
2016/02/13/ 20:00:57.11357,1575041,8585323,3014687,12189736,5963876,8585257,11993105,6029327,54,44
2016/02/13/ 20:00:58.12925,1575053,16581569,9175137,11272296,1245412,9306251,852070,10879013,61,38
2016/02/13/ 20:00:59.11367,1583679,3016447,2687504,5833110,4784797,721330,12648552,5111941,60,37
2016/02/13/ 20:01:00.09809,1578254,13173466,10223864,10027150,3735687,4129049,12714419,10748010,67,44
2016/02/13/ 20:01:01.09815,1576720,16057401,4653079,5767204,5767298,13959237,9240605,13697039,54,27
2016/02/13/ 20:01:02.11382,1579696,10224656,14155941,16515139,6160916,3408102,6225979,16252992,60,26
2016/02/13/ 20:01:03.08262,1576433,10551905,4259869,65589,13107239,14876706,15073293,15335446,48,17
2016/02/13/ 20:01:04.08271,1575993,11272516,9437218,8454248,8061011,14286888,9699355,8388618,37,16
2016/02/13/ 20:01:05.16088,1575306,16122108,8585260,7208994,11665458,5242905,6684684,5111826,38,30
2016/02/13/ 20:01:06.06718,1578820,14418265,3145824,10158207,6553681,6422634,10813548,4718623,38,41
2016/02/13/ 20:01:07.06723,1575368,2687455,2097344,9437255,5767388,13566015,11010095,4522015,43,51
2016/02/13/ 20:01:08.11415,1575137,13107340,8585262,2621455,6357046,4325426,8192018,11337746,54,50
2016/02/13/ 20:01:09.05170,1573533,3276952,15597592,13369385,2228248,15728665,11272235,9109511,60,53
2016/02/13/ 20:01:10.04704,1574490,4063549,16449952,524491,12255399,6684997,11075700,10223673,66,60
2016/02/13/ 20:01:11.10959,1576707,3934512,3146206,7864650,15270173,11862229,4456558,14352449,63,56
2016/02/13/ 20:01:12.06276,1580612,10553024,12058654,8389096,1507559,4129061,3473487,7798866,56,56
2016/02/13/ 20:01:13.03156,1580996,2163620,6882249,11796545,9306244,6160562,10944630,12648491,54,64
2016/02/13/ 20:01:14.03161,1575818,590355,2752579,11665442,458880,1376289,14286884,5767187,35,50
2016/02/13/ 20:01:15.03166,1573099,2228355,15335440,2424840,11141136,11534341,1835019,14286855,26,47
2016/02/13/ 20:01:16.01608,1573444,10158308,4522049,8978448,1572910,10813493,4194349,2293769,29,47
2016/02/13/ 20:01:17.01613,1573978,14745911,7733316,13566027,11337776,7012379,16252941,8257543,24,38
2016/02/13/ 20:01:18.01618,1574473,16449717,15335448,10747915,2686984,13762589,12320787,13107214,35,38
2016/02/13/ 20:01:19.00060,1574216,2883777,13238415,4587549,14811191,15597615,11272207,16449556,48,50
2016/02/13/ 20:01:20.01628,1574639,8323142,14221332,13697118,11403305,11534376,5242901,15990793,51,60
2016/02/13/ 20:01:21.00070,1574784,15204680,12058648,5832781,3801157,5636163,6422568,3735565,63,53
2016/02/13/ 20:01:21.96950,1577410,5964020,7274624,7274511,11141140,6881353,14942225,5636108,66,63
2016/02/13/ 20:01:22.95392,1573186,3080344,1179656,6553605,6553607,3735563,983044,13697027,60,47
2016/02/13/ 20:01:23.98522,1580747,7078485,5046497,5308519,6553887,2818259,1179775,7667769,60,38
2016/02/13/ 20:01:24.95878,1576753,1376997,9765405,7471262,1114222,5243171,4718759,16449597,63,47
2016/02/13/ 20:01:25.94321,1573531,11010308,7667774,13172801,10223659,9371678,15925269,7602195,53,47
2016/02/13/ 20:01:26.96697,1573688,13762623,2818195,4390940,10289169,9961510,14417928,7340051,63,70
2016/02/13/ 20:01:27.93577,1573054,3604573,8454150,16187397,11010057,15794186,10682373,13303810,53,61
2016/02/13/ 20:01:28.95144,1577855,6947040,7798991,15925478,9961562,13172955,14483503,8257585,57,64
2016/02/13/ 20:01:29.92024,1578682,5243923,6422665,9830522,9371807,15335484,12714151,12124186,53,60
2016/02/13/ 20:01:30.93592,1578643,9306665,1245291,6946970,14942249,65614,14549064,11141186,47,48
2016/02/13/ 20:01:31.92034,1579802,9241664,15991261,8323355,9896649,3080482,10879087,9896015,53,57
2016/02/13/ 20:01:32.90476,1575420,9044070,6094863,3801124,12124227,3407918,2949146,10289165,51,48
2016/02/13/ 20:01:33.92044,1575547,11665580,9240604,16646186,12124248,7733293,8323109,720913,66,48
2016/02/13/ 20:01:34.90487,1576763,13566219,16187511,1900591,4784242,2425055,9961532,8650796,83,43
2016/02/13/ 20:01:35.88929,1577502,13566468,7995457,12910705,131227,15073399,5767230,5308445,84,41
2016/02/13/ 20:01:36.90497,1575317,3866750,12910627,1310807,14942292,13959197,3211281,3801099,75,48
2016/02/13/ 20:01:37.88939,1575732,10485874,13893682,6553614,16121915,1769501,4915242,3407883,74,51
2016/02/13/ 20:01:38.88944,1575149,8650956,14745625,8650804,7602198,5570585,10813459,12189708,54,53
2016/02/13/ 20:01:39.88949,1577803,12780306,13697208,13500472,10944635,16646288,1245286,7208999,51,53
2016/02/13/ 20:01:40.85829,1573110,13303915,14221340,852021,7602197,2293780,8388629,6225936,51,53
2016/02/13/ 20:01:41.85834,1577022,15467228,12976426,9830483,13238410,6160464,16580727,9764908,43,53
2016/02/13/ 20:01:42.85838,1573707,11600090,11730948,3538957,393245,14614558,6750221,5898256,48,40
2016/02/13/ 20:01:43.85843,1573405,4325592,12255310,11534369,2752540,14090263,7208982,1245196,40,44
2016/02/13/ 20:01:44.84286,1576671,3211703,5243050,15401060,4784247,7864383,16515214,13172781,37,43
2016/02/13/ 20:01:45.84291,1575345,10029896,15335527,6357587,16384109,4456593,5046339,327765,29,38
2016/02/13/ 20:01:46.84296,1573435,4325510,11927644,393232,9502757,9437209,10027032,4456463,26,56
2016/02/13/ 20:01:47.84300,1576833,12124254,786502,14352471,1507363,14286888,1048612,10223624,37,64
2016/02/13/ 20:01:48.82743,1576307,327749,786466,6094908,14549038,4718628,917516,3014664,47,66
2016/02/13/ 20:01:49.87435,1575995,13172835,12779718,8716455,1704124,6160458,14745678,13500472,61,80
2016/02/13/ 20:01:50.81190,1574364,5046375,6225957,9371690,2359305,10551312,3801097,12189702,61,80
2016/02/13/ 20:01:51.81195,1574838,8650821,1638431,11665426,1310756,14680104,9175058,15007770,69,70
2016/02/13/ 20:01:52.81200,1578827,9963053,13632189,12779695,5832829,10551448,327717,2162730,56,67
2016/02/13/ 20:01:53.82767,1575293,10617730,12124365,16449952,13369466,14745925,14614762,2752565,60,61
2016/02/13/ 20:01:54.78385,1576669,11469015,3866692,8061000,16252964,8519724,131113,8716324,63,61
2016/02/13/ 20:01:55.78173,1577751,6227424,11665678,14287033,13566259,13894010,8978663,852018,54,56
2016/02/13/ 20:01:56.79203,1574160,11010345,7274559,10223626,10616853,13172762,11403309,14614540,56,51
2016/02/13/ 20:01:57.78789,1573018,7274540,2490383,3604482,2293763,12386311,6356997,12582916,50,48
2016/02/13/ 20:01:58.78187,1578722,13763044,16515146,12386347,13893801,16056450,4259984,15728686,56,38
2016/02/13/ 20:01:59.76852,1573620,2359687,15597675,15007781,12058649,12582965,917548,11665437,50,41
2016/02/13/ 20:02:00.76819,1580376,4850611,16253101,6160494,6029464,8060975,9830419,11665417,41,41
2016/02/13/ 20:02:01.76018,1573630,14091988,3670393,6881343,1442009,2162842,9896095,5177380,37,38
2016/02/13/ 20:02:02.75882,1574145,4588230,11272254,1638471,11993136,11337771,7929876,9240586,20,38
2016/02/13/ 20:02:03.75069,1581334,16449680,8913022,15794319,1769635,6291548,7733340,8388640,27,47
2016/02/13/ 20:02:04.72575,1574875,1180591,4784419,327872,3211514,3473574,2556015,12189733,41,50
2016/02/13/ 20:02:05.80113,1575428,16122893,15728724,8061292,2228326,10027139,6422623,8978477,44,56
2016/02/13/ 20:02:06.70628,1574513,15335520,6029319,2883685,12976176,11599888,14614560,2031634,51,67
2016/02/13/ 20:02:07.72811,1573098,10551341,7471116,15138837,10616843,7143433,9,851970,44,64
2016/02/13/ 20:02:08.74977,1577806,4784283,3997824,1114187,1376329,8978621,655449,70,61,66
2016/02/13/ 20:02:09.72178,1573586,4063409,7602212,24,13172774,13565983,1310741,7208972,64,63
2016/02/13/ 20:02:10.69058,1575744,8257769,11403317,16580837,8519789,16646218,1507419,1245224,69,63
2016/02/13/ 20:02:11.70625,1576050,3801296,2818126,4784282,13762631,4325530,2687013,8454181,80,63
2016/02/13/ 20:02:12.69068,1579455,13107637,10879170,16384031,917604,6815887,4522049,8454179,70,60
2016/02/13/ 20:02:13.70635,1574375,7734345,4456597,15794343,262416,10682544,524397,12976183,69,57
2016/02/13/ 20:02:14.70640,1574892,15532395,6946857,8585229,4915219,5832736,3342347,14483468,64,44
2016/02/13/ 20:02:15.67520,1573269,8781967,10747966,7405582,6815786,16318490,8650766,8585227,53,40
2016/02/13/ 20:02:16.67525,1573284,10616992,11665491,9633942,1507409,1572966,14090291,14090292,54,47
2016/02/13/ 20:02:17.65967,1573535,4456655,11468882,11075621,12320829,15204367,14549003,4653065,44,54
2016/02/13/ 20:02:18.70660,1576336,3016983,15794332,12189884,3276883,2949284,2949165,14745640,41,53
2016/02/13/ 20:02:19.65977,1578893,262599,7995525,196701,2490528,3539074,3801160,8257555,48,53
2016/02/13/ 20:02:20.64419,1576929,14614630,8978939,12910638,5505208,1179842,3997745,9764890,50,56
2016/02/13/ 20:02:21.66038,1574197,7340142,7995409,11993100,14417956,8912931,10551310,10616842,67,48
2016/02/13/ 20:02:22.63594,1573003,11796570,7864367,13565980,65560,10027037,14352401,2359304,78,60
2016/02/13/ 20:02:23.63599,1574694,5636826,15990811,15007806,6160447,8781910,11927614,12910637,70,50
2016/02/13/ 20:02:24.63604,1572923,7340274,3211292,12320855,12058684,2228316,13303849,15663123,69,40
2016/02/13/ 20:02:25.62046,1573285,9568317,15925289,11403283,1245202,14024716,65550,12779525,57,51
2016/02/13/ 20:02:26.62051,1573466,4456584,4259843,13107217,15400981,11730962,13172749,1769485,54,38
2016/02/13/ 20:02:27.60493,1579237,2950917,4129252,9568376,7733677,8323245,14745653,16711736,50,47
2016/02/13/ 20:02:28.59197,1573151,14221561,65623,5308606,12910611,10289210,2359354,15663155,41,54
2016/02/13/ 20:02:29.62222,1573216,9961594,1245430,15401114,1048694,8454250,7995441,3473432,48,60
2016/02/13/ 20:02:30.58729,1572977,3080444,6029365,13500571,3080266,8913105,2162745,13762578,63,70
2016/02/13/ 20:02:31.58734,1573091,655402,11927574,13762561,14745613,14024709,589828,7929858,63,75
2016/02/13/ 20:02:32.57533,1574738,14483590,917529,2883608,3407925,15859754,9633810,4653071,70,61
2016/02/13/ 20:02:33.59101,1578366,593812,7995938,10748262,11272508,9764963,10813499,9240643,48,47
2016/02/13/ 20:02:34.57543,1573010,5046345,13697173,3932243,1704050,7929946,4194345,7733316,43,53
2016/02/13/ 20:02:35.59229,1573498,4849918,10616957,15794243,1704018,10420311,7929989,16646175,53,54
2016/02/13/ 20:02:36.56109,1575800,15139162,11337788,15728726,15728802,10420388,852074,7536682,56,56
2016/02/13/ 20:02:37.56114,1579818,10818772,1180044,12451899,9044107,3408012,10748004,1245303,60,48
2016/02/13/ 20:02:38.55695,1577676,8127195,4128941,10223700,12714041,3932399,14680206,54,56,38
2016/02/13/ 20:02:39.56886,1573142,7405763,11862054,12255285,5373965,5963806,1245195,10878988,51,37
2016/02/13/ 20:02:40.56122,1573781,15139069,16580681,11534541,13303992,2031850,11731110,9109551,53,41
2016/02/13/ 20:02:41.55889,1575883,6095856,12976144,4391110,7143556,196743,4653133,15138910,70,48
2016/02/13/ 20:02:42.52715,1579307,5375331,14418188,5636125,11731128,10944789,8912988,2621585,66,43
2016/02/13/ 20:02:43.51158,1576347,13828340,10485862,15663133,10616860,13893659,5308458,13369367,61,44
2016/02/13/ 20:02:44.51163,1574953,7340639,10354725,13828146,9043997,4259903,11993148,11468824,47,35
2016/02/13/ 20:02:45.51168,1576236,8782052,99,15269934,7274530,13697046,1507357,7208972,40,44
2016/02/13/ 20:02:46.53335,1575789,4719943,6684781,14614579,3539057,11862115,9044060,6684707,29,41
2016/02/13/ 20:02:47.51088,1577365,6096522,16712011,14090378,15859877,6291587,2228299,10747958,27,35
2016/02/13/ 20:02:48.48353,1577178,4654960,3277050,15139103,15401537,1900883,244,10485861,30,38
2016/02/13/ 20:02:49.49921,1580980,5376348,9961870,16318865,13107500,4456667,8192179,5111925,34,30
2016/02/13/ 20:02:50.46800,1582539,2430270,4849990,4063663,6094942,6160751,9109700,6291597,29,34
2016/02/13/ 20:02:51.51493,1574234,11141220,6815771,1900587,5963836,16121926,12124191,5439513,51,37
2016/02/13/ 20:02:52.50103,1573882,13239093,8519770,13959331,16711760,8192083,5177498,7012443,44,38
2016/02/13/ 20:02:53.48381,1573169,655471,1441846,15794298,3407986,11403372,10289313,917565,63,44
2016/02/13/ 20:02:54.44790,1573793,10748140,12517407,16515133,7012398,131121,10223659,1245200,74,51
2016/02/13/ 20:02:55.44795,1577527,11601551,9372303,16712014,4522451,15073573,3866777,9961531,57,54
2016/02/13/ 20:02:56.49488,1580427,14484977,5636547,1704360,7405841,11469222,8847687,4063306,67,57
2016/02/13/ 20:02:57.44805,1573705,4915396,3276820,2555995,4522021,852024,8585239,12320788,61,54
2016/02/13/ 20:02:58.42593,1575153,1638754,16318928,13500622,2425057,5570775,458832,15663168,64,64
2016/02/13/ 20:02:59.47286,1573186,5178878,1310810,12648514,14876694,15794252,2687011,1376278,54,51
2016/02/13/ 20:03:00.47291,1575655,7472188,65677,13041729,14549179,12845260,2818164,15204462,51,41
2016/02/13/ 20:03:01.42608,1577222,7930060,1966082,12779546,4849745,10944585,2359331,12714019,57,29
2016/02/13/ 20:03:02.45199,1573153,13631582,12058642,4522007,15073320,1769503,15466505,14417925,60,17
2016/02/13/ 20:03:03.40759,1576185,852619,6094982,14352545,3670129,4849774,7602396,9764927,69,29
2016/02/13/ 20:03:04.40764,1582625,12976798,15269949,12583160,7078138,11993386,655434,15532084,78,35
2016/02/13/ 20:03:05.41068,1575526,3672310,12714569,14090689,12189999,12386544,9437310,11599950,61,50
2016/02/13/ 20:03:06.37874,1577085,10158892,13762787,4128866,15794309,10813596,11337861,12124257,56,51
2016/02/13/ 20:03:07.44357,1573658,853084,13763088,15073478,13107314,3014983,3342485,2097207,61,53
2016/02/13/ 20:03:08.37085,1574635,13435451,6946936,13631543,4063304,1245227,15073358,8716302,43,54
2016/02/13/ 20:03:09.40215,1574151,786593,16252948,1310733,13631498,16646151,14352397,7602180,37,48
2016/02/13/ 20:03:10.40220,1574456,4456758,9961536,11272203,5898296,1376333,15204394,5242906,40,43
2016/02/13/ 20:03:11.35537,1575186,4718817,589878,3670031,7536651,15728675,16515112,12713997,35,38
2016/02/13/ 20:03:12.37104,1583941,7145437,131390,11600434,9109654,11075882,1442075,7864465,41,40
2016/02/13/ 20:03:13.40234,1576189,14418709,9044065,8913093,16384195,7667803,15925329,589858,50,43
2016/02/13/ 20:03:14.35551,1573846,5767715,1835132,6619188,7667744,10813486,9306174,7798800,37,48
2016/02/13/ 20:03:15.32431,1578376,5375042,3998814,4129076,8257753,11600045,4784236,7864426,30,60
2016/02/13/ 20:03:16.33999,1574262,8388679,7143458,4980751,10354715,2883616,2228248,10944519,41,60
2016/02/13/ 20:03:17.34004,1575235,13303985,4915351,16580647,262209,6750296,5963847,6029372,54,66
2016/02/13/ 20:03:18.34009,1578684,5832843,2359520,5898440,327743,6160423,8978498,720934,54,81
2016/02/13/ 20:03:19.35576,1576438,7864355,10092642,11534444,4259941,13107280,9895996,1900560,70,81
2016/02/13/ 20:03:20.30893,1573356,15532603,13303826,4128820,196669,16318553,10092601,7733270,64,69
2016/02/13/ 20:03:21.29336,1574452,3998148,5308647,13762608,8126506,11337833,13303833,16515109,57,67
2016/02/13/ 20:03:22.32466,1578602,15730305,15008368,12976414,1704138,13435025,15466593,3801145,56,56
2016/02/13/ 20:03:23.30908,1573905,2359388,1966101,15466516,11665420,14352400,4259857,131082,47,47
2016/02/13/ 20:03:24.27788,1579840,14091115,3211365,1966263,11927899,2162890,7012518,327750,48,53
2016/02/13/ 20:03:25.27793,1577328,12059508,5505060,10354764,16187437,15073423,7995452,15204373,48,40
2016/02/13/ 20:03:26.27797,1574586,3081325,16515265,15532100,3473597,4063513,3801202,12976275,61,30
2016/02/13/ 20:03:27.29365,1576639,4130930,2490653,4522074,11600440,5243140,721035,9306314,61,23
2016/02/13/ 20:03:28.26245,1580253,8258178,12911116,16646177,7012562,4063306,9175102,12582935,50,34
2016/02/13/ 20:03:29.27437,1573890,6554066,5308455,6422589,8847419,12386337,8912925,11599890,41,37
2016/02/13/ 20:03:30.25879,1578022,15466708,8585458,6815823,2424897,9961523,8388701,16449568,34,53
2016/02/13/ 20:03:31.29009,1573387,13959368,15007799,13893639,9568267,12320784,11665451,8781838,26,60
2016/02/13/ 20:03:32.24327,1574624,1901610,4587708,7077991,6815860,7012413,6684762,8847391,23,51
2016/02/13/ 20:03:33.24332,1574488,5243440,2097329,2490409,7733298,393281,4194390,4128812,26,57
2016/02/13/ 20:03:34.25899,1573589,13762636,16252953,2555923,2883591,2818070,16580611,13107203,35,50
2016/02/13/ 20:03:35.25904,1578566,8913437,4849714,15794330,8323116,9175100,5373984,2621447,38,51
2016/02/13/ 20:03:36.21220,1575134,6095443,12255345,3735932,9502865,13828273,5767267,8650786,51,57
2016/02/13/ 20:03:37.22788,1576230,11076117,7667781,524408,9044120,393298,12451875,15007772,54,54
2016/02/13/ 20:03:38.22792,1573666,11337814,10223630,12517392,786440,15269903,9,8781829,51,51
2016/02/13/ 20:03:39.20586,1575003,7209170,11599955,15073316,4390924,6750267,3801117,1048603,60,54
2016/02/13/ 20:03:40.21016,1573040,1769563,1703956,10158088,4587529,6815761,2818054,5505028,57,48
2016/02/13/ 20:03:41.19459,1576029,8389443,5636839,1310934,15270114,524421,3014877,9896078,53,60
2016/02/13/ 20:03:42.21026,1576156,10224622,6357069,8519719,6815826,3407916,4653080,16187420,40,50
2016/02/13/ 20:03:43.19468,1579399,14680379,7012448,9109510,1572897,10747956,5111837,15925256,37,44
2016/02/13/ 20:03:44.16348,1576232,13370174,7733783,4980892,6357235,15401079,7078060,15990874,29,51
2016/02/13/ 20:03:45.16353,1576296,8257711,3407928,15728677,7274511,10747917,14155786,6225922,24,47
2016/02/13/ 20:03:46.15438,1572972,8257568,4587532,13369356,10354707,1900552,15794179,5505026,38,57
2016/02/13/ 20:03:47.18788,1580954,15205315,9568509,3014973,6750320,9765008,2883776,10420267,37,63
2016/02/13/ 20:03:48.16024,1574660,9241872,4391098,10813508,14614666,12452062,11927663,13434919,43,53
2016/02/13/ 20:03:49.14972,1574494,14942371,10944625,7733284,9502734,655404,3014677,6160416,54,56
2016/02/13/ 20:03:50.17678,1574042,9764911,5701654,983056,65558,4456463,1376264,7340039,57,57
2016/02/13/ 20:03:51.14153,1574470,918396,14876780,15073288,12714016,12386368,5308450,14,53,47
2016/02/13/ 20:03:52.12891,1575953,11665691,5177429,8716322,6422581,8388653,14286898,5636110,51,51
2016/02/13/ 20:03:53.13744,1576855,3540157,6684958,14876775,15007849,15990883,1442191,15728723,41,43
2016/02/13/ 20:03:54.12028,1578721,11796988,10027435,1638685,2490555,8126663,9240695,14090280,40,50
2016/02/13/ 20:03:55.11718,1573562,1704412,1572919,10747948,12386322,7929907,7798804,3735566,41,53
2016/02/13/ 20:03:56.13269,1574859,6357108,7864396,4128849,524333,3276842,8716309,4653089,44,61
2016/02/13/ 20:03:57.16579,1573506,3866668,3473425,5046283,5177359,4128779,10420241,6160388,53,64
2016/02/13/ 20:03:58.10746,1576491,6816755,2425320,10420843,7536965,12976253,9240672,8781857,41,63
2016/02/13/ 20:03:59.10428,1574589,14354236,5636432,6881403,8454278,15728738,1114248,12910688,35,64
2016/02/13/ 20:04:00.10244,1577700,9896690,10879211,8781960,4718786,13697095,524394,15007820,24,57
2016/02/13/ 20:04:01.11135,1575829,16646341,9109506,12517389,9961482,2883620,12648457,2555919,27,41
2016/02/13/ 20:04:02.11408,1575954,5639086,13566340,5833146,7930043,12976320,10813505,1114195,26,30
2016/02/13/ 20:04:03.13890,1575557,9306431,8585233,4259920,15007766,12714006,7929873,14155785,29,34
2016/02/13/ 20:04:04.06710,1581141,4064728,983276,15335792,6160517,9961617,786494,1900643,29,34
2016/02/13/ 20:04:05.07051,1573399,10289244,1966099,1900556,10027028,15138828,1245192,5439490,23,44
2016/02/13/ 20:04:06.07251,1577359,3146033,1310746,7405808,9240727,13697121,11468899,10944665,37,53
2016/02/13/ 20:04:07.05573,1573868,16515936,9437457,6160660,12452035,179,5111884,655400,47,56
2016/02/13/ 20:04:08.06028,1580031,14615087,15335973,3277201,10223862,4063300,10289252,1769522,43,66
2016/02/13/ 20:04:09.05636,1574874,6095145,10027084,6422623,917579,14614630,7602300,458816,51,69
2016/02/13/ 20:04:10.08356,1574586,3145918,11141198,5308519,15007762,9568287,3407924,14876691,43,74
2016/02/13/ 20:04:11.07120,1572951,1441796,2293767,13565953,9961477,4325377,7602177,2686978,41,80
2016/02/13/ 20:04:12.03017,1573082,3473565,16318482,2031634,12648522,13434899,16580617,12124170,50,61
2016/02/13/ 20:04:13.00777,1577568,16122356,8650937,8388666,11468997,11403401,6815810,15335448,48,60
2016/02/13/ 20:04:14.03845,1575067,786634,262239,7012382,9895961,9895986,11468832,7995408,53,56
2016/02/13/ 20:04:15.03480,1585703,1247072,589888,14090317,7537050,6488348,4391011,7733367,56,30
2016/02/13/ 20:04:15.99847,1573197,15073335,14286851,11927566,7602183,2424843,13041669,8060932,61,35
2016/02/13/ 20:04:17.01615,1576038,3408248,7798831,10944546,9240635,11141162,12714015,3735588,53,29
2016/02/13/ 20:04:17.98984,1579835,5115254,4587709,1966217,12452072,12976270,12386637,2097218,38,16
2016/02/13/ 20:04:18.98500,1575662,5770341,12255415,12779818,7995792,9765171,16253089,11141418,30,23
2016/02/13/ 20:04:19.97744,1573173,327736,9437196,10616834,6160413,4915212,15597579,11862022,35,20
2016/02/13/ 20:04:20.96634,1574076,6423143,15990811,12779594,2228291,10027088,3080231,10485771,37,17
2016/02/13/ 20:04:21.98504,1572918,851984,8978434,13828103,10616834,9699333,15335432,5373953,56,30
2016/02/13/ 20:04:22.97898,1576488,4063403,131139,1114176,10617113,3670103,2818115,15663127,69,38
2016/02/13/ 20:04:23.99023,1573662,2097326,9961482,10289174,1703968,2490393,10092566,11403272,64,37
2016/02/13/ 20:04:24.98121,1574887,11010116,32,851988,14155789,5898275,13172778,11927566,75,48
2016/02/13/ 20:04:25.93858,1580059,66521,6226605,8388788,8454245,5767612,6357045,16318529,77,51
2016/02/13/ 20:04:26.95390,1575775,5964049,15007749,8060987,5439507,10223648,6357002,9109518,64,50
2016/02/13/ 20:04:27.93838,1573869,16253192,983049,11468830,65590,3997774,262164,9961481,74,44
2016/02/13/ 20:04:28.92181,1577199,7537028,13697190,5439578,13238358,4391114,2621676,11075627,75,44
2016/02/13/ 20:04:29.93786,1574491,6619227,1638419,458787,196697,11403342,917516,9830414,83,35
2016/02/13/ 20:04:30.90637,1573459,10223901,12451887,7929928,458782,5439668,3866652,851986,97,35
2016/02/13/ 20:04:31.92782,1578921,6620533,6423206,14876901,2949173,5243354,13173254,10748042,96,50
2016/02/13/ 20:04:32.92752,1573154,13959377,11534490,15335452,12582935,7602393,10682431,3604499,100,48
2016/02/13/ 20:04:33.90673,1573188,6357120,655395,1900549,15138838,16252966,458779,10092559,93,50
2016/02/13/ 20:04:34.88192,1574060,15270274,8323107,5898301,13828128,15007833,3932352,6422569,83,48
2016/02/13/ 20:04:35.89926,1575630,3409025,15007905,6553894,8781902,13631855,6750666,6488226,84,44
2016/02/13/ 20:04:36.90624,1574730,9306758,5505068,5242929,15335463,65667,8126591,11665454,75,34
2016/02/13/ 20:04:37.88016,1574996,3932419,4588040,1638497,7602208,13828328,196672,13762621,77,48
2016/02/13/ 20:04:38.86413,1573937,7864852,9109737,10813526,9371723,2097309,14286867,7667737,77,54
2016/02/13/ 20:04:39.86317,1577078,14090760,5636117,15401091,16712410,11272820,16187593,12189776,90,43
2016/02/13/ 20:04:40.86293,1578983,12714395,1900583,7274661,786495,13828139,10420232,3801116,77,53
2016/02/13/ 20:04:41.87259,1573542,65679,7471199,12320927,12320957,3932237,9306162,13631511,70,50
2016/02/13/ 20:04:42.85803,1574405,9961802,14680128,4456620,1835044,6357220,9175134,5242905,80,48
2016/02/13/ 20:04:43.86286,1575230,548,13893801,7864388,9371709,8257813,2687017,3604493,69,57
2016/02/13/ 20:04:44.82265,1573107,15204479,8912918,4980767,4915257,10485792,3276816,15859716,81,54
2016/02/13/ 20:04:45.84548,1576888,525832,5046441,10420914,8389130,4587976,6226083,2687134,81,50
2016/02/13/ 20:04:46.84456,1577207,14484935,1900741,12779604,10486073,9699504,7667870,9830431,66,41
2016/02/13/ 20:04:47.83574,1573659,9764982,8978435,14942226,65569,6619168,262153,9043972,63,34
2016/02/13/ 20:04:48.82837,1576964,4980874,16646244,13959223,1048624,2490457,15859762,11468838,66,40
2016/02/13/ 20:04:49.80996,1573161,12451984,5439573,7012390,12976180,4456468,7536694,10485769,56,44
2016/02/13/ 20:04:50.81883,1575678,13828611,6488205,7143496,65726,16121977,917549,1507346,63,50
2016/02/13/ 20:04:51.81850,1575568,3998391,4259917,12452070,7274596,3932217,10551373,15990833,47,60
2016/02/13/ 20:04:52.83032,1575513,1245415,4980796,7143530,4915261,11993196,524314,4259866,47,57
2016/02/13/ 20:04:53.80662,1573654,2883677,4390972,3997730,7274515,15007758,3670025,13107203,48,60
2016/02/13/ 20:04:54.80376,1578386,6948394,15859911,14221685,8061257,8913887,655575,2555935,57,56
2016/02/13/ 20:04:55.78916,1574157,1638498,2359301,3604530,3014686,11599936,9830405,7012357,80,54
2016/02/13/ 20:04:56.79252,1573423,3277031,10944546,9437255,5570577,8519727,262149,15663107,70,53
2016/02/13/ 20:04:57.77900,1574223,2556198,2424850,1048688,7209039,13893668,2424841,16515086,74,47
2016/02/13/ 20:04:58.77017,1577712,1509392,14025109,14352565,14287239,8519906,11272292,5046309,56,48
2016/02/13/ 20:04:59.74021,1573486,852088,14549006,327690,13631492,589849,4849671,13369348,44,43
2016/02/13/ 20:05:00.74351,1578620,721440,7012479,2818151,2621465,262235,9306156,13303813,43,43
2016/02/13/ 20:05:01.76117,1574081,9699617,15663199,524314,16056336,13434942,1638446,13041679,50,43
2016/02/13/ 20:05:02.73797,1578442,7080633,12779564,12321083,4784220,6226268,16318594,4980772,51,38
